FILE,Z_QSO,N_ABS,N_DLA
templates/PAQS_absorber_000001.fits,2.233214478062836,1,0
templates/PAQS_absorber_000002.fits,2.4648035716159553,3,0
templates/PAQS_absorber_000003.fits,2.921805729075635,6,2
templates/PAQS_absorber_000004.fits,2.2316433532639954,3,0
templates/PAQS_absorber_000005.fits,2.464472554411355,3,1
templates/PAQS_absorber_000006.fits,2.853709603901007,7,1
templates/PAQS_absorber_000007.fits,2.1336490963508825,2,0
templates/PAQS_absorber_000008.fits,2.301440983956623,4,0
templates/PAQS_absorber_000009.fits,2.494472995160347,3,1
templates/PAQS_absorber_000010.fits,2.7940872646686277,8,1
templates/PAQS_absorber_000011.fits,2.9233319351421865,7,0
templates/PAQS_absorber_000012.fits,2.7238816355594424,7,1
templates/PAQS_absorber_000013.fits,2.2670929324162574,4,0
templates/PAQS_absorber_000014.fits,2.0372608577523046,2,0
templates/PAQS_absorber_000015.fits,2.853195135518151,4,0
templates/PAQS_absorber_000016.fits,2.600202579023123,4,1
templates/PAQS_absorber_000017.fits,2.8579509290358134,4,0
templates/PAQS_absorber_000018.fits,2.452162880085602,3,0
templates/PAQS_absorber_000019.fits,2.5465550864238145,5,0
templates/PAQS_absorber_000020.fits,2.5468765528550863,4,0
templates/PAQS_absorber_000021.fits,2.535397969980742,5,1
templates/PAQS_absorber_000022.fits,2.289766990507193,3,0
templates/PAQS_absorber_000023.fits,2.504758418218978,5,0
templates/PAQS_absorber_000024.fits,2.9821370883208598,7,1
templates/PAQS_absorber_000025.fits,2.1891469387795635,5,0
templates/PAQS_absorber_000026.fits,2.80790401551634,8,0
templates/PAQS_absorber_000027.fits,2.149368326828503,4,0
templates/PAQS_absorber_000028.fits,2.3971054178941578,4,0
templates/PAQS_absorber_000029.fits,2.827322325989048,4,0
templates/PAQS_absorber_000030.fits,2.5587582308352674,9,0
templates/PAQS_absorber_000031.fits,2.3740659900892673,2,0
templates/PAQS_absorber_000032.fits,2.117344845775624,2,0
templates/PAQS_absorber_000033.fits,2.8667403254365103,10,1
templates/PAQS_absorber_000034.fits,2.3748514822190416,5,0
templates/PAQS_absorber_000035.fits,2.2252719430826726,2,0
templates/PAQS_absorber_000036.fits,2.765004248154618,2,0
templates/PAQS_absorber_000037.fits,2.846782773977319,9,1
templates/PAQS_absorber_000038.fits,2.29737504587228,2,0
templates/PAQS_absorber_000039.fits,2.809853336952163,7,0
templates/PAQS_absorber_000040.fits,2.7050944751000103,5,0
templates/PAQS_absorber_000041.fits,2.910444421547915,6,1
templates/PAQS_absorber_000042.fits,2.1307517230113953,1,0
templates/PAQS_absorber_000043.fits,2.8320775752714002,7,1
templates/PAQS_absorber_000044.fits,2.233677177850962,4,0
templates/PAQS_absorber_000045.fits,2.6849041604938773,10,0
templates/PAQS_absorber_000046.fits,2.711986487868251,6,0
templates/PAQS_absorber_000047.fits,2.6587522019888707,3,0
templates/PAQS_absorber_000048.fits,2.1781254568579262,3,0
templates/PAQS_absorber_000049.fits,2.373637885619843,5,1
templates/PAQS_absorber_000050.fits,2.292072360860444,4,0
templates/PAQS_absorber_000051.fits,2.337028517443853,0,0
templates/PAQS_absorber_000052.fits,2.797626747304794,10,3
templates/PAQS_absorber_000053.fits,2.7177179955631,8,1
templates/PAQS_absorber_000054.fits,2.1487247840012524,3,0
templates/PAQS_absorber_000055.fits,2.8652825593931546,10,0
templates/PAQS_absorber_000056.fits,2.9454092482992555,10,1
templates/PAQS_absorber_000057.fits,2.647104593141113,2,0
templates/PAQS_absorber_000058.fits,2.5477488188663218,6,0
templates/PAQS_absorber_000059.fits,2.29245090196262,2,0
templates/PAQS_absorber_000060.fits,2.3208585715382504,0,0
templates/PAQS_absorber_000061.fits,2.1882115085818885,3,0
templates/PAQS_absorber_000062.fits,2.6239017631821095,8,3
templates/PAQS_absorber_000063.fits,2.365921224871474,5,0
templates/PAQS_absorber_000064.fits,2.3192298614837896,6,0
templates/PAQS_absorber_000065.fits,2.3436681678975355,6,0
templates/PAQS_absorber_000066.fits,2.5319388546638772,4,0
templates/PAQS_absorber_000067.fits,2.8846548988516534,4,1
templates/PAQS_absorber_000068.fits,2.5738394023432845,2,0
templates/PAQS_absorber_000069.fits,2.4960334753269167,4,1
templates/PAQS_absorber_000070.fits,2.725488476199681,3,1
templates/PAQS_absorber_000071.fits,2.6783440803534297,3,0
templates/PAQS_absorber_000072.fits,2.1025421570848395,4,0
templates/PAQS_absorber_000073.fits,2.7453167919831274,5,0
templates/PAQS_absorber_000074.fits,2.5013320543997732,2,0
templates/PAQS_absorber_000075.fits,2.514301975046396,5,0
templates/PAQS_absorber_000076.fits,2.390492517865515,2,0
templates/PAQS_absorber_000077.fits,2.202188158499517,6,0
templates/PAQS_absorber_000078.fits,2.712566266265997,4,0
templates/PAQS_absorber_000079.fits,2.257534684443833,4,0
templates/PAQS_absorber_000080.fits,2.70357819381412,10,0
templates/PAQS_absorber_000081.fits,2.5173319152486884,4,0
templates/PAQS_absorber_000082.fits,2.3164483926089208,3,0
templates/PAQS_absorber_000083.fits,2.0626611378298216,2,0
templates/PAQS_absorber_000084.fits,2.7783704194655883,5,1
templates/PAQS_absorber_000085.fits,2.659567794885583,9,0
templates/PAQS_absorber_000086.fits,2.64746044502406,3,0
templates/PAQS_absorber_000087.fits,2.329784417900118,1,0
templates/PAQS_absorber_000088.fits,2.007227285114588,1,0
templates/PAQS_absorber_000089.fits,2.677246466407846,8,0
templates/PAQS_absorber_000090.fits,2.4632184570225513,5,0
templates/PAQS_absorber_000091.fits,2.546020934419179,8,0
templates/PAQS_absorber_000092.fits,2.4311440883801074,7,1
templates/PAQS_absorber_000093.fits,2.503123612439575,5,0
templates/PAQS_absorber_000094.fits,2.7310893914250767,7,0
templates/PAQS_absorber_000095.fits,2.8045268681250013,5,0
templates/PAQS_absorber_000096.fits,2.5546490903076506,8,0
templates/PAQS_absorber_000097.fits,2.5317268994281084,0,0
templates/PAQS_absorber_000098.fits,2.739517933920302,2,0
templates/PAQS_absorber_000099.fits,2.711242536785398,4,0
templates/PAQS_absorber_000100.fits,2.7020792207272857,2,1
templates/PAQS_absorber_000101.fits,2.9876629912925017,4,0
templates/PAQS_absorber_000102.fits,2.912102347546549,2,0
templates/PAQS_absorber_000103.fits,2.339713122220984,4,0
templates/PAQS_absorber_000104.fits,2.7572147844717914,3,0
templates/PAQS_absorber_000105.fits,2.1179288681451327,1,0
templates/PAQS_absorber_000106.fits,2.089193566283079,4,0
templates/PAQS_absorber_000107.fits,2.941005974415989,7,0
templates/PAQS_absorber_000108.fits,2.3414272359617643,2,0
templates/PAQS_absorber_000109.fits,2.003275081557277,4,0
templates/PAQS_absorber_000110.fits,2.239933511369852,4,0
templates/PAQS_absorber_000111.fits,2.360092302803881,9,1
templates/PAQS_absorber_000112.fits,2.039851116224928,3,0
templates/PAQS_absorber_000113.fits,2.8148469526878817,6,0
templates/PAQS_absorber_000114.fits,2.8772171911519395,6,0
templates/PAQS_absorber_000115.fits,2.6820958473904954,4,0
templates/PAQS_absorber_000116.fits,2.8737690847836097,6,1
templates/PAQS_absorber_000117.fits,2.975338824346996,6,0
templates/PAQS_absorber_000118.fits,2.21842719640942,0,0
templates/PAQS_absorber_000119.fits,2.7587458750035383,5,1
templates/PAQS_absorber_000120.fits,2.225702458892033,6,0
templates/PAQS_absorber_000121.fits,2.9298453490903587,4,0
templates/PAQS_absorber_000122.fits,2.5888003436908393,5,0
templates/PAQS_absorber_000123.fits,2.4209410960038777,1,0
templates/PAQS_absorber_000124.fits,2.296758143796342,6,0
templates/PAQS_absorber_000125.fits,2.240811637822378,7,0
templates/PAQS_absorber_000126.fits,2.3240526219846784,3,0
templates/PAQS_absorber_000127.fits,2.4734377567201746,5,0
templates/PAQS_absorber_000128.fits,2.320329179055502,4,0
templates/PAQS_absorber_000129.fits,2.6368677331604693,6,0
templates/PAQS_absorber_000130.fits,2.4982178849871364,2,0
templates/PAQS_absorber_000131.fits,2.648657949411059,3,0
templates/PAQS_absorber_000132.fits,2.6077298588686286,4,0
templates/PAQS_absorber_000133.fits,2.3283897758192507,4,0
templates/PAQS_absorber_000134.fits,2.6649716256029556,9,0
templates/PAQS_absorber_000135.fits,2.578625168586102,3,0
templates/PAQS_absorber_000136.fits,2.3128216317295682,4,0
templates/PAQS_absorber_000137.fits,2.3860487127601324,4,0
templates/PAQS_absorber_000138.fits,2.284293657299542,3,1
templates/PAQS_absorber_000139.fits,2.828497642116945,6,0
templates/PAQS_absorber_000140.fits,2.6329323540022953,2,0
templates/PAQS_absorber_000141.fits,2.35161867433371,4,0
templates/PAQS_absorber_000142.fits,2.887589449591201,8,0
templates/PAQS_absorber_000143.fits,2.3550405736685036,2,0
templates/PAQS_absorber_000144.fits,2.9364762285982637,8,1
templates/PAQS_absorber_000145.fits,2.1666112306879395,3,0
templates/PAQS_absorber_000146.fits,2.714651765751923,6,0
templates/PAQS_absorber_000147.fits,2.477544011412439,3,0
templates/PAQS_absorber_000148.fits,2.7298724882563703,7,0
templates/PAQS_absorber_000149.fits,2.1746492146731353,6,0
templates/PAQS_absorber_000150.fits,2.8644507612258776,5,0
templates/PAQS_absorber_000151.fits,2.879963121098286,5,0
templates/PAQS_absorber_000152.fits,2.4123405773940596,4,0
templates/PAQS_absorber_000153.fits,2.23701918882639,2,0
templates/PAQS_absorber_000154.fits,2.7346655769009267,2,0
templates/PAQS_absorber_000155.fits,2.3979796629368964,2,0
templates/PAQS_absorber_000156.fits,2.717304001991873,3,0
templates/PAQS_absorber_000157.fits,2.6051967163937033,3,0
templates/PAQS_absorber_000158.fits,2.1946695287067652,4,0
templates/PAQS_absorber_000159.fits,2.3755431429591507,1,1
templates/PAQS_absorber_000160.fits,2.7343849623434235,5,0
templates/PAQS_absorber_000161.fits,2.0495680843460278,3,0
templates/PAQS_absorber_000162.fits,2.706724030728589,6,0
templates/PAQS_absorber_000163.fits,2.1285259245546206,2,0
templates/PAQS_absorber_000164.fits,2.505257085798913,10,1
templates/PAQS_absorber_000165.fits,2.93690109460159,5,1
templates/PAQS_absorber_000166.fits,2.5639171896279973,5,0
templates/PAQS_absorber_000167.fits,2.193617494884068,3,0
templates/PAQS_absorber_000168.fits,2.7955000572025845,6,1
templates/PAQS_absorber_000169.fits,2.1364661754190433,1,0
templates/PAQS_absorber_000170.fits,2.5111879052460484,3,0
templates/PAQS_absorber_000171.fits,2.835771107995923,10,3
templates/PAQS_absorber_000172.fits,2.513377688336708,8,1
templates/PAQS_absorber_000173.fits,2.6096870612978167,5,1
templates/PAQS_absorber_000174.fits,2.6200507452536437,2,0
templates/PAQS_absorber_000175.fits,2.458873411157829,5,1
templates/PAQS_absorber_000176.fits,2.6018131274425,1,0
templates/PAQS_absorber_000177.fits,2.085309766774012,2,0
templates/PAQS_absorber_000178.fits,2.7864744588370525,10,0
templates/PAQS_absorber_000179.fits,2.7270739940737836,5,0
templates/PAQS_absorber_000180.fits,2.6503079933609532,8,2
templates/PAQS_absorber_000181.fits,2.3446865312174126,2,0
templates/PAQS_absorber_000182.fits,2.0249787738736416,0,0
templates/PAQS_absorber_000183.fits,2.8062002221209035,3,0
templates/PAQS_absorber_000184.fits,2.078081985694263,2,0
templates/PAQS_absorber_000185.fits,2.0847579290543417,6,0
templates/PAQS_absorber_000186.fits,2.565514938921839,5,0
templates/PAQS_absorber_000187.fits,2.334320322461308,9,0
templates/PAQS_absorber_000188.fits,2.5611107242834428,5,2
templates/PAQS_absorber_000189.fits,2.9564664574896797,8,0
templates/PAQS_absorber_000190.fits,2.658955057410537,7,1
templates/PAQS_absorber_000191.fits,2.8048067662870526,5,0
templates/PAQS_absorber_000192.fits,2.653641934516076,7,1
templates/PAQS_absorber_000193.fits,2.6933756239573636,6,0
templates/PAQS_absorber_000194.fits,2.2639703567090974,4,0
templates/PAQS_absorber_000195.fits,2.7418796710751163,9,1
templates/PAQS_absorber_000196.fits,2.68524997921062,6,0
templates/PAQS_absorber_000197.fits,2.0320118700220533,1,0
templates/PAQS_absorber_000198.fits,2.9326426656796505,12,2
templates/PAQS_absorber_000199.fits,2.9460952975332164,12,0
templates/PAQS_absorber_000200.fits,2.9562905023865187,6,1
templates/PAQS_absorber_000201.fits,2.615510870533902,3,1
templates/PAQS_absorber_000202.fits,2.06058259144628,2,0
templates/PAQS_absorber_000203.fits,2.0598361619010013,3,0
templates/PAQS_absorber_000204.fits,2.625637818331336,4,0
templates/PAQS_absorber_000205.fits,2.6594325030653048,5,0
templates/PAQS_absorber_000206.fits,2.1489241684196645,3,0
templates/PAQS_absorber_000207.fits,2.31978949462602,0,0
templates/PAQS_absorber_000208.fits,2.9450881930562818,6,0
templates/PAQS_absorber_000209.fits,2.178411514900538,3,0
templates/PAQS_absorber_000210.fits,2.9145858563645657,6,1
templates/PAQS_absorber_000211.fits,2.346424761259433,1,0
templates/PAQS_absorber_000212.fits,2.695125708433752,7,0
templates/PAQS_absorber_000213.fits,2.514208294488319,6,1
templates/PAQS_absorber_000214.fits,2.838663263138676,7,0
templates/PAQS_absorber_000215.fits,2.295972021163548,3,0
templates/PAQS_absorber_000216.fits,2.0210787429975627,3,0
templates/PAQS_absorber_000217.fits,2.5877056972299286,4,0
templates/PAQS_absorber_000218.fits,2.0384939997187956,3,0
templates/PAQS_absorber_000219.fits,2.368254722790614,3,1
templates/PAQS_absorber_000220.fits,2.044000164563497,5,0
templates/PAQS_absorber_000221.fits,2.2866955890028278,4,0
templates/PAQS_absorber_000222.fits,2.6449874956498727,5,0
templates/PAQS_absorber_000223.fits,2.5955815262479573,5,0
templates/PAQS_absorber_000224.fits,2.391465178945899,6,1
templates/PAQS_absorber_000225.fits,2.482813325598575,4,0
templates/PAQS_absorber_000226.fits,2.451129596154978,6,1
templates/PAQS_absorber_000227.fits,2.24552792190945,4,1
templates/PAQS_absorber_000228.fits,2.5429458849387867,4,0
templates/PAQS_absorber_000229.fits,2.9050485545785634,5,1
templates/PAQS_absorber_000230.fits,2.395904254221278,3,0
templates/PAQS_absorber_000231.fits,2.179987002589513,4,0
templates/PAQS_absorber_000232.fits,2.9183261446489372,8,0
templates/PAQS_absorber_000233.fits,2.8523450212211308,9,0
templates/PAQS_absorber_000234.fits,2.634736808314426,7,0
templates/PAQS_absorber_000235.fits,2.3452980990514316,3,1
templates/PAQS_absorber_000236.fits,2.5596221201272997,4,0
templates/PAQS_absorber_000237.fits,2.3607959670551733,2,0
templates/PAQS_absorber_000238.fits,2.6500146025166513,1,0
templates/PAQS_absorber_000239.fits,2.540248329601389,1,0
templates/PAQS_absorber_000240.fits,2.3139933948299523,7,0
templates/PAQS_absorber_000241.fits,2.009537984650071,5,0
templates/PAQS_absorber_000242.fits,2.126193871453342,4,0
templates/PAQS_absorber_000243.fits,2.688458961735737,2,0
templates/PAQS_absorber_000244.fits,2.960362370111935,7,3
templates/PAQS_absorber_000245.fits,2.8262541408554624,6,0
templates/PAQS_absorber_000246.fits,2.743551719979974,6,2
templates/PAQS_absorber_000247.fits,2.9987449493011504,11,2
templates/PAQS_absorber_000248.fits,2.7449270230123863,3,0
templates/PAQS_absorber_000249.fits,2.6987155341031293,8,2
templates/PAQS_absorber_000250.fits,2.773234693936166,5,1
templates/PAQS_absorber_000251.fits,2.118609857964989,8,0
templates/PAQS_absorber_000252.fits,2.5811267852306305,9,1
templates/PAQS_absorber_000253.fits,2.004626808640589,6,0
templates/PAQS_absorber_000254.fits,2.0477983090619265,3,0
templates/PAQS_absorber_000255.fits,2.557729214841039,3,0
templates/PAQS_absorber_000256.fits,2.817508598882063,7,1
templates/PAQS_absorber_000257.fits,2.091558578515836,3,0
templates/PAQS_absorber_000258.fits,2.9926831008934673,8,1
templates/PAQS_absorber_000259.fits,2.589061557671677,2,0
templates/PAQS_absorber_000260.fits,2.7009281570388732,5,0
templates/PAQS_absorber_000261.fits,2.1403402933384963,1,0
templates/PAQS_absorber_000262.fits,2.751758208987446,6,0
templates/PAQS_absorber_000263.fits,2.1188521638944264,4,0
templates/PAQS_absorber_000264.fits,2.8184789441708578,6,0
templates/PAQS_absorber_000265.fits,2.030575625071204,5,0
templates/PAQS_absorber_000266.fits,2.4396963410815955,4,0
templates/PAQS_absorber_000267.fits,2.340769618702117,1,0
templates/PAQS_absorber_000268.fits,2.4551334149764656,3,0
templates/PAQS_absorber_000269.fits,2.2303312789152208,5,0
templates/PAQS_absorber_000270.fits,2.2326124228731166,5,0
templates/PAQS_absorber_000271.fits,2.4010919835594056,1,0
templates/PAQS_absorber_000272.fits,2.380552310349347,4,0
templates/PAQS_absorber_000273.fits,2.269404412386596,1,0
templates/PAQS_absorber_000274.fits,2.657323234407125,8,1
templates/PAQS_absorber_000275.fits,2.9013374145504063,3,0
templates/PAQS_absorber_000276.fits,2.1797272712679763,4,1
templates/PAQS_absorber_000277.fits,2.3771842623050725,5,0
templates/PAQS_absorber_000278.fits,2.0362764695043314,3,0
templates/PAQS_absorber_000279.fits,2.001431231801371,4,0
templates/PAQS_absorber_000280.fits,2.41337924289738,6,0
templates/PAQS_absorber_000281.fits,2.9062323064351596,3,0
templates/PAQS_absorber_000282.fits,2.4553461126526215,4,0
templates/PAQS_absorber_000283.fits,2.763605439456836,6,1
templates/PAQS_absorber_000284.fits,2.6124780725778955,3,0
templates/PAQS_absorber_000285.fits,2.210975157059287,7,0
templates/PAQS_absorber_000286.fits,2.7210223445926847,5,0
templates/PAQS_absorber_000287.fits,2.138747015665356,2,0
templates/PAQS_absorber_000288.fits,2.1183736060199134,2,0
templates/PAQS_absorber_000289.fits,2.5132355255099315,3,0
templates/PAQS_absorber_000290.fits,2.9213697881292715,6,0
templates/PAQS_absorber_000291.fits,2.612003907790751,4,0
templates/PAQS_absorber_000292.fits,2.1454258486496505,2,0
templates/PAQS_absorber_000293.fits,2.792538695930816,7,0
templates/PAQS_absorber_000294.fits,2.3936313514223793,5,0
templates/PAQS_absorber_000295.fits,2.383372925139139,2,0
templates/PAQS_absorber_000296.fits,2.64855134845,5,0
templates/PAQS_absorber_000297.fits,2.3524260657642753,4,0
templates/PAQS_absorber_000298.fits,2.8865342789605584,6,0
templates/PAQS_absorber_000299.fits,2.878814318808499,2,0
templates/PAQS_absorber_000300.fits,2.8977896470080498,2,0
templates/PAQS_absorber_000301.fits,2.5583382200437796,5,1
templates/PAQS_absorber_000302.fits,2.1923972217604235,5,0
templates/PAQS_absorber_000303.fits,2.4779737087715943,5,0
templates/PAQS_absorber_000304.fits,2.1572952548811513,4,0
templates/PAQS_absorber_000305.fits,2.306362992630936,6,0
templates/PAQS_absorber_000306.fits,2.819112322089846,6,0
templates/PAQS_absorber_000307.fits,2.2804635491438856,5,0
templates/PAQS_absorber_000308.fits,2.313602952326458,3,0
templates/PAQS_absorber_000309.fits,2.9562321792738118,9,1
templates/PAQS_absorber_000310.fits,2.1881167159291275,4,0
templates/PAQS_absorber_000311.fits,2.635153581683324,2,1
templates/PAQS_absorber_000312.fits,2.0322015201097425,3,0
templates/PAQS_absorber_000313.fits,2.7571000084565016,3,0
templates/PAQS_absorber_000314.fits,2.2095411061958634,5,0
templates/PAQS_absorber_000315.fits,2.8148586147149013,6,0
templates/PAQS_absorber_000316.fits,2.5519839904435235,3,0
templates/PAQS_absorber_000317.fits,2.0111280052636378,3,0
templates/PAQS_absorber_000318.fits,2.058632461474824,2,0
templates/PAQS_absorber_000319.fits,2.825422554541679,8,1
templates/PAQS_absorber_000320.fits,2.4250533621173114,8,1
templates/PAQS_absorber_000321.fits,2.7382520143224185,8,0
templates/PAQS_absorber_000322.fits,2.492331126116826,1,0
templates/PAQS_absorber_000323.fits,2.4933541984115264,6,0
templates/PAQS_absorber_000324.fits,2.3096639942284947,1,0
templates/PAQS_absorber_000325.fits,2.7004232589919823,5,0
templates/PAQS_absorber_000326.fits,2.4883382685237523,4,0
templates/PAQS_absorber_000327.fits,2.5103845518123316,5,1
templates/PAQS_absorber_000328.fits,2.0353328642391326,4,0
templates/PAQS_absorber_000329.fits,2.699360719797464,6,2
templates/PAQS_absorber_000330.fits,2.4334067870019354,2,0
templates/PAQS_absorber_000331.fits,2.1213959987377167,1,0
templates/PAQS_absorber_000332.fits,2.9183567978470144,6,0
templates/PAQS_absorber_000333.fits,2.718009480271916,5,0
templates/PAQS_absorber_000334.fits,2.001788804506603,4,0
templates/PAQS_absorber_000335.fits,2.6192447093292976,3,0
templates/PAQS_absorber_000336.fits,2.4695882243811864,5,0
templates/PAQS_absorber_000337.fits,2.1003049054423824,2,0
templates/PAQS_absorber_000338.fits,2.913208238404379,8,0
templates/PAQS_absorber_000339.fits,2.3341723424044276,5,0
templates/PAQS_absorber_000340.fits,2.284584418697914,5,0
templates/PAQS_absorber_000341.fits,2.60671553872194,5,0
templates/PAQS_absorber_000342.fits,2.5564830559356992,6,0
templates/PAQS_absorber_000343.fits,2.2595242425048783,6,0
templates/PAQS_absorber_000344.fits,2.778201909413854,4,0
templates/PAQS_absorber_000345.fits,2.535021595315375,2,0
templates/PAQS_absorber_000346.fits,2.596513856826728,5,0
templates/PAQS_absorber_000347.fits,2.6411490283819323,6,0
templates/PAQS_absorber_000348.fits,2.877357466424571,10,0
templates/PAQS_absorber_000349.fits,2.492809848465099,3,0
templates/PAQS_absorber_000350.fits,2.344753146680781,1,0
templates/PAQS_absorber_000351.fits,2.7201537278009944,10,0
templates/PAQS_absorber_000352.fits,2.294992600029342,4,0
templates/PAQS_absorber_000353.fits,2.614410625698378,9,1
templates/PAQS_absorber_000354.fits,2.59083022294757,4,0
templates/PAQS_absorber_000355.fits,2.63345430363791,6,1
templates/PAQS_absorber_000356.fits,2.980963310154399,9,1
templates/PAQS_absorber_000357.fits,2.3325862777832995,2,0
templates/PAQS_absorber_000358.fits,2.164902372978208,1,0
templates/PAQS_absorber_000359.fits,2.5738829067744904,7,0
templates/PAQS_absorber_000360.fits,2.861265965323688,6,0
templates/PAQS_absorber_000361.fits,2.874286460295879,6,0
templates/PAQS_absorber_000362.fits,2.5701293779028784,3,1
templates/PAQS_absorber_000363.fits,2.0332628460009046,3,0
templates/PAQS_absorber_000364.fits,2.2502643417281067,3,0
templates/PAQS_absorber_000365.fits,2.486703780528512,2,0
templates/PAQS_absorber_000366.fits,2.605653322825572,3,0
templates/PAQS_absorber_000367.fits,2.9553318460776756,6,1
templates/PAQS_absorber_000368.fits,2.2601853871319877,2,0
templates/PAQS_absorber_000369.fits,2.082581826071192,6,0
templates/PAQS_absorber_000370.fits,2.8587269983349737,6,0
templates/PAQS_absorber_000371.fits,2.2015174282964636,4,0
templates/PAQS_absorber_000372.fits,2.6776612967350344,6,1
templates/PAQS_absorber_000373.fits,2.7453809853660087,4,1
templates/PAQS_absorber_000374.fits,2.889605578332515,4,0
templates/PAQS_absorber_000375.fits,2.648918631034837,6,2
templates/PAQS_absorber_000376.fits,2.6187418124618045,3,0
templates/PAQS_absorber_000377.fits,2.2306265958418448,2,0
templates/PAQS_absorber_000378.fits,2.769353929702405,6,1
templates/PAQS_absorber_000379.fits,2.548457838322837,4,0
templates/PAQS_absorber_000380.fits,2.490410578723196,3,0
templates/PAQS_absorber_000381.fits,2.7862715613037516,4,1
templates/PAQS_absorber_000382.fits,2.7733480804106203,6,0
templates/PAQS_absorber_000383.fits,2.273560372922906,0,0
templates/PAQS_absorber_000384.fits,2.1336206827853355,2,0
templates/PAQS_absorber_000385.fits,2.16316670413251,3,0
templates/PAQS_absorber_000386.fits,2.1761920421503964,3,0
templates/PAQS_absorber_000387.fits,2.710057539284632,7,0
templates/PAQS_absorber_000388.fits,2.681186834336965,5,1
templates/PAQS_absorber_000389.fits,2.4200634949712017,5,0
templates/PAQS_absorber_000390.fits,2.9118587362322934,2,0
templates/PAQS_absorber_000391.fits,2.5958085963787214,9,0
templates/PAQS_absorber_000392.fits,2.4233489539716504,1,0
templates/PAQS_absorber_000393.fits,2.9069662020816533,9,0
templates/PAQS_absorber_000394.fits,2.754047144133349,6,1
templates/PAQS_absorber_000395.fits,2.4234551270247495,3,0
templates/PAQS_absorber_000396.fits,2.46632807150646,3,0
templates/PAQS_absorber_000397.fits,2.0789612641771438,1,0
templates/PAQS_absorber_000398.fits,2.5228244993801874,4,0
templates/PAQS_absorber_000399.fits,2.346608870638235,4,0
templates/PAQS_absorber_000400.fits,2.753184513878442,4,1
templates/PAQS_absorber_000401.fits,2.3393217675831712,1,0
templates/PAQS_absorber_000402.fits,2.737816675594231,7,0
templates/PAQS_absorber_000403.fits,2.659702357226515,14,1
templates/PAQS_absorber_000404.fits,2.7471024022471213,3,0
templates/PAQS_absorber_000405.fits,2.72591173060391,6,0
templates/PAQS_absorber_000406.fits,2.7188775810367893,6,1
templates/PAQS_absorber_000407.fits,2.227933494346474,7,0
templates/PAQS_absorber_000408.fits,2.3980741043050533,5,0
templates/PAQS_absorber_000409.fits,2.7040313255699235,10,2
templates/PAQS_absorber_000410.fits,2.136608154128843,3,0
templates/PAQS_absorber_000411.fits,2.5539746459439456,5,0
templates/PAQS_absorber_000412.fits,2.1252846134759276,4,0
templates/PAQS_absorber_000413.fits,2.6642194369734984,5,0
templates/PAQS_absorber_000414.fits,2.319851412014666,7,0
templates/PAQS_absorber_000415.fits,2.543555719126944,7,0
templates/PAQS_absorber_000416.fits,2.5706275812348736,7,1
templates/PAQS_absorber_000417.fits,2.4925879003328486,4,0
templates/PAQS_absorber_000418.fits,2.2866063412625466,3,0
templates/PAQS_absorber_000419.fits,2.1041977736173316,2,0
templates/PAQS_absorber_000420.fits,2.0634127816793923,6,0
templates/PAQS_absorber_000421.fits,2.1010215549382325,3,0
templates/PAQS_absorber_000422.fits,2.0137013511072483,1,0
templates/PAQS_absorber_000423.fits,2.6932477388111935,3,0
templates/PAQS_absorber_000424.fits,2.243212725966584,4,0
templates/PAQS_absorber_000425.fits,2.6053819891649193,3,0
templates/PAQS_absorber_000426.fits,2.440075177069313,2,0
templates/PAQS_absorber_000427.fits,2.257780498539013,5,0
templates/PAQS_absorber_000428.fits,2.7894776648528623,5,0
templates/PAQS_absorber_000429.fits,2.814476632614969,6,0
templates/PAQS_absorber_000430.fits,2.3168689619485887,7,0
templates/PAQS_absorber_000431.fits,2.969875850850898,5,0
templates/PAQS_absorber_000432.fits,2.604721309514877,5,1
templates/PAQS_absorber_000433.fits,2.8304132580363826,5,0
templates/PAQS_absorber_000434.fits,2.279678582350598,3,0
templates/PAQS_absorber_000435.fits,2.246309500721838,1,0
templates/PAQS_absorber_000436.fits,2.4563807770851933,6,0
templates/PAQS_absorber_000437.fits,2.247181834427424,3,0
templates/PAQS_absorber_000438.fits,2.450893027566518,5,0
templates/PAQS_absorber_000439.fits,2.467204157372822,3,1
templates/PAQS_absorber_000440.fits,2.168391595653044,4,0
templates/PAQS_absorber_000441.fits,2.8968213562329748,8,0
templates/PAQS_absorber_000442.fits,2.769058580830888,10,0
templates/PAQS_absorber_000443.fits,2.9936528086987217,4,2
templates/PAQS_absorber_000444.fits,2.4537369162453646,7,1
templates/PAQS_absorber_000445.fits,2.7864335089540653,5,0
templates/PAQS_absorber_000446.fits,2.0288826165972518,2,0
templates/PAQS_absorber_000447.fits,2.897106418901487,8,0
templates/PAQS_absorber_000448.fits,2.471142018204772,8,0
templates/PAQS_absorber_000449.fits,2.584994106103691,5,1
templates/PAQS_absorber_000450.fits,2.2643773426321308,4,0
templates/PAQS_absorber_000451.fits,2.6309795273906507,8,0
templates/PAQS_absorber_000452.fits,2.13656061271009,2,0
templates/PAQS_absorber_000453.fits,2.5313592827812514,10,2
templates/PAQS_absorber_000454.fits,2.4306498627898194,3,1
templates/PAQS_absorber_000455.fits,2.046339356792124,3,0
templates/PAQS_absorber_000456.fits,2.7729096388834944,4,0
templates/PAQS_absorber_000457.fits,2.8757298771283124,6,0
templates/PAQS_absorber_000458.fits,2.5489135161529264,4,1
templates/PAQS_absorber_000459.fits,2.3195933709898418,2,0
templates/PAQS_absorber_000460.fits,2.8229346838678864,3,0
templates/PAQS_absorber_000461.fits,2.1925600556355436,6,0
templates/PAQS_absorber_000462.fits,2.8533905662062664,9,1
templates/PAQS_absorber_000463.fits,2.524423778492164,2,0
templates/PAQS_absorber_000464.fits,2.5118929049011633,7,1
templates/PAQS_absorber_000465.fits,2.3985969005957264,4,0
templates/PAQS_absorber_000466.fits,2.9682867391734646,7,1
templates/PAQS_absorber_000467.fits,2.7129001789574794,5,0
templates/PAQS_absorber_000468.fits,2.7413570502539035,5,2
templates/PAQS_absorber_000469.fits,2.2415027042749696,2,0
templates/PAQS_absorber_000470.fits,2.913481272280212,6,1
templates/PAQS_absorber_000471.fits,2.512886636295618,5,1
templates/PAQS_absorber_000472.fits,2.0923545238680905,4,0
templates/PAQS_absorber_000473.fits,2.323948497782347,4,0
templates/PAQS_absorber_000474.fits,2.7519036699857375,7,0
templates/PAQS_absorber_000475.fits,2.6659099857394097,4,0
templates/PAQS_absorber_000476.fits,2.1152278187856592,5,0
templates/PAQS_absorber_000477.fits,2.6259963958825483,3,0
templates/PAQS_absorber_000478.fits,2.038354470425115,4,0
templates/PAQS_absorber_000479.fits,2.9837617950116924,5,0
templates/PAQS_absorber_000480.fits,2.3748229401299126,4,0
templates/PAQS_absorber_000481.fits,2.3430742080281854,2,0
templates/PAQS_absorber_000482.fits,2.73961916173939,4,0
templates/PAQS_absorber_000483.fits,2.329153562674705,3,0
templates/PAQS_absorber_000484.fits,2.926030079111045,9,0
templates/PAQS_absorber_000485.fits,2.2455723360291353,3,0
templates/PAQS_absorber_000486.fits,2.0484629272341905,6,0
templates/PAQS_absorber_000487.fits,2.3326403494863968,7,1
templates/PAQS_absorber_000488.fits,2.1512937045861946,2,0
templates/PAQS_absorber_000489.fits,2.969025083239864,8,0
templates/PAQS_absorber_000490.fits,2.420028723122663,4,0
templates/PAQS_absorber_000491.fits,2.083410074691172,4,0
templates/PAQS_absorber_000492.fits,2.5600457652523345,8,0
templates/PAQS_absorber_000493.fits,2.7047756655607897,5,0
templates/PAQS_absorber_000494.fits,2.403912556460079,6,0
templates/PAQS_absorber_000495.fits,2.6958059536591983,3,0
templates/PAQS_absorber_000496.fits,2.984719604864485,10,1
templates/PAQS_absorber_000497.fits,2.4356875231721915,3,0
templates/PAQS_absorber_000498.fits,2.6648681154261764,8,0
templates/PAQS_absorber_000499.fits,2.9645453748878787,4,0
templates/PAQS_absorber_000500.fits,2.650454663665367,6,0
templates/PAQS_absorber_000501.fits,2.916179610058804,7,0
templates/PAQS_absorber_000502.fits,2.2284311894613964,3,0
templates/PAQS_absorber_000503.fits,2.0480348776849486,2,0
templates/PAQS_absorber_000504.fits,2.463629005002499,1,0
templates/PAQS_absorber_000505.fits,2.2407617708252,3,0
templates/PAQS_absorber_000506.fits,2.5339736865333715,9,0
templates/PAQS_absorber_000507.fits,2.2100323722999002,6,1
templates/PAQS_absorber_000508.fits,2.7864895541523187,6,0
templates/PAQS_absorber_000509.fits,2.8830073192328145,7,0
templates/PAQS_absorber_000510.fits,2.594957154079773,5,0
templates/PAQS_absorber_000511.fits,2.798508385812752,9,0
templates/PAQS_absorber_000512.fits,2.6526056672373683,9,0
templates/PAQS_absorber_000513.fits,2.9457408503857607,7,0
templates/PAQS_absorber_000514.fits,2.9030829508775406,6,2
templates/PAQS_absorber_000515.fits,2.5328288904611,7,0
templates/PAQS_absorber_000516.fits,2.8543190800131364,5,1
templates/PAQS_absorber_000517.fits,2.9523774285153657,4,0
templates/PAQS_absorber_000518.fits,2.945057860164312,1,0
templates/PAQS_absorber_000519.fits,2.484452906067764,3,0
templates/PAQS_absorber_000520.fits,2.5201865214009556,6,1
templates/PAQS_absorber_000521.fits,2.536589535564418,2,0
templates/PAQS_absorber_000522.fits,2.188807616691226,4,0
templates/PAQS_absorber_000523.fits,2.046248771410075,1,0
templates/PAQS_absorber_000524.fits,2.728763229047159,5,0
templates/PAQS_absorber_000525.fits,2.7282688873791274,6,0
templates/PAQS_absorber_000526.fits,2.2946976329567264,3,0
templates/PAQS_absorber_000527.fits,2.5231216746151475,3,0
templates/PAQS_absorber_000528.fits,2.1386334980008375,5,0
templates/PAQS_absorber_000529.fits,2.457262825091691,6,1
templates/PAQS_absorber_000530.fits,2.236682385539662,3,0
templates/PAQS_absorber_000531.fits,2.4671768058817913,3,1
templates/PAQS_absorber_000532.fits,2.2271948961160444,3,0
templates/PAQS_absorber_000533.fits,2.780496196208594,6,0
templates/PAQS_absorber_000534.fits,2.770407998689384,9,0
templates/PAQS_absorber_000535.fits,2.42113587194027,3,0
templates/PAQS_absorber_000536.fits,2.240084819106758,5,0
templates/PAQS_absorber_000537.fits,2.916693742144788,3,0
templates/PAQS_absorber_000538.fits,2.953599960607731,5,0
templates/PAQS_absorber_000539.fits,2.0373081177108903,6,0
templates/PAQS_absorber_000540.fits,2.8956851377154726,7,0
templates/PAQS_absorber_000541.fits,2.0728949084259445,3,0
templates/PAQS_absorber_000542.fits,2.7665640051844878,5,3
templates/PAQS_absorber_000543.fits,2.9191621883855037,8,1
templates/PAQS_absorber_000544.fits,2.554190169730705,8,0
templates/PAQS_absorber_000545.fits,2.9282201076257293,8,0
templates/PAQS_absorber_000546.fits,2.6630277379383163,2,0
templates/PAQS_absorber_000547.fits,2.7994902312374728,11,1
templates/PAQS_absorber_000548.fits,2.108752389331085,3,0
templates/PAQS_absorber_000549.fits,2.4740305043383306,4,0
templates/PAQS_absorber_000550.fits,2.6173591788560007,1,0
templates/PAQS_absorber_000551.fits,2.2886437776012305,2,0
templates/PAQS_absorber_000552.fits,2.583935626505639,5,1
templates/PAQS_absorber_000553.fits,2.6788612091925375,1,0
templates/PAQS_absorber_000554.fits,2.0845315124274237,0,0
templates/PAQS_absorber_000555.fits,2.6778793559329217,4,0
templates/PAQS_absorber_000556.fits,2.265558619978905,3,0
templates/PAQS_absorber_000557.fits,2.9052289174165242,11,1
templates/PAQS_absorber_000558.fits,2.0738341567756136,8,0
templates/PAQS_absorber_000559.fits,2.9386408024683743,6,1
templates/PAQS_absorber_000560.fits,2.075924278154188,3,0
templates/PAQS_absorber_000561.fits,2.5154061525777878,4,0
templates/PAQS_absorber_000562.fits,2.0899349755441943,2,0
templates/PAQS_absorber_000563.fits,2.4305083512593177,6,0
templates/PAQS_absorber_000564.fits,2.4992348196954346,3,0
templates/PAQS_absorber_000565.fits,2.966614293484297,9,1
templates/PAQS_absorber_000566.fits,2.341499315738537,8,1
templates/PAQS_absorber_000567.fits,2.0629275539782976,3,0
templates/PAQS_absorber_000568.fits,2.167982581748304,1,0
templates/PAQS_absorber_000569.fits,2.3136641738693777,4,0
templates/PAQS_absorber_000570.fits,2.6412482013006615,5,1
templates/PAQS_absorber_000571.fits,2.530902493398558,5,1
templates/PAQS_absorber_000572.fits,2.8360291573802465,7,1
templates/PAQS_absorber_000573.fits,2.983647835300999,9,0
templates/PAQS_absorber_000574.fits,2.9355758982594193,9,0
templates/PAQS_absorber_000575.fits,2.7312319025386125,3,0
templates/PAQS_absorber_000576.fits,2.0962695833402845,5,0
templates/PAQS_absorber_000577.fits,2.0341421639585224,0,0
templates/PAQS_absorber_000578.fits,2.7462718444382928,7,0
templates/PAQS_absorber_000579.fits,2.4958957516769638,9,1
templates/PAQS_absorber_000580.fits,2.0515251701893416,2,0
templates/PAQS_absorber_000581.fits,2.92496003771706,5,0
templates/PAQS_absorber_000582.fits,2.8147762548874615,6,1
templates/PAQS_absorber_000583.fits,2.8935153955483477,6,0
templates/PAQS_absorber_000584.fits,2.9126961819716652,2,0
templates/PAQS_absorber_000585.fits,2.3193865086648464,5,0
templates/PAQS_absorber_000586.fits,2.7557785243792505,4,0
templates/PAQS_absorber_000587.fits,2.2771033667878253,5,0
templates/PAQS_absorber_000588.fits,2.6211076273550655,8,0
templates/PAQS_absorber_000589.fits,2.0393095715266805,3,0
templates/PAQS_absorber_000590.fits,2.3525475141022287,5,0
templates/PAQS_absorber_000591.fits,2.084840476870321,2,0
templates/PAQS_absorber_000592.fits,2.2784572625601482,3,0
templates/PAQS_absorber_000593.fits,2.061491485547458,9,0
templates/PAQS_absorber_000594.fits,2.0049633426167643,1,0
templates/PAQS_absorber_000595.fits,2.508212659581807,2,1
templates/PAQS_absorber_000596.fits,2.54010588750685,3,0
templates/PAQS_absorber_000597.fits,2.655778096313569,5,0
templates/PAQS_absorber_000598.fits,2.743080722193709,5,0
templates/PAQS_absorber_000599.fits,2.1215851243730643,1,0
templates/PAQS_absorber_000600.fits,2.979999334768216,3,0
templates/PAQS_absorber_000601.fits,2.2901531927969825,5,1
templates/PAQS_absorber_000602.fits,2.216680527079548,3,0
templates/PAQS_absorber_000603.fits,2.3182937482214308,6,1
templates/PAQS_absorber_000604.fits,2.4011645070425756,3,0
templates/PAQS_absorber_000605.fits,2.7862073961511165,3,0
templates/PAQS_absorber_000606.fits,2.0573349366238225,5,0
templates/PAQS_absorber_000607.fits,2.647563236497043,4,0
templates/PAQS_absorber_000608.fits,2.5707747224848814,5,0
templates/PAQS_absorber_000609.fits,2.417436087385128,3,0
templates/PAQS_absorber_000610.fits,2.5107551316176897,5,0
templates/PAQS_absorber_000611.fits,2.780772082748358,5,0
templates/PAQS_absorber_000612.fits,2.268598232973507,1,0
templates/PAQS_absorber_000613.fits,2.33981511786149,2,0
templates/PAQS_absorber_000614.fits,2.0052389723149773,2,0
templates/PAQS_absorber_000615.fits,2.400684190484189,2,0
templates/PAQS_absorber_000616.fits,2.293830753505329,9,0
templates/PAQS_absorber_000617.fits,2.226396260628033,2,0
templates/PAQS_absorber_000618.fits,2.311494096263159,5,0
templates/PAQS_absorber_000619.fits,2.6443471094542725,4,0
templates/PAQS_absorber_000620.fits,2.948189534345993,6,0
templates/PAQS_absorber_000621.fits,2.096587376115799,6,0
templates/PAQS_absorber_000622.fits,2.7718851896735672,5,1
templates/PAQS_absorber_000623.fits,2.370318973021587,1,0
templates/PAQS_absorber_000624.fits,2.5541928830371807,3,0
templates/PAQS_absorber_000625.fits,2.3994862643484463,9,3
templates/PAQS_absorber_000626.fits,2.5771401205092506,7,2
templates/PAQS_absorber_000627.fits,2.0757313582105876,0,0
templates/PAQS_absorber_000628.fits,2.375564399977862,0,0
templates/PAQS_absorber_000629.fits,2.7383839819849616,4,0
templates/PAQS_absorber_000630.fits,2.8479688244880768,8,1
templates/PAQS_absorber_000631.fits,2.093986052286614,1,0
templates/PAQS_absorber_000632.fits,2.865809806342427,4,0
templates/PAQS_absorber_000633.fits,2.658920890868372,7,0
templates/PAQS_absorber_000634.fits,2.5401724915907624,8,1
templates/PAQS_absorber_000635.fits,2.4631459879938573,1,0
templates/PAQS_absorber_000636.fits,2.7576132639989437,8,2
templates/PAQS_absorber_000637.fits,2.7098620810021115,4,0
templates/PAQS_absorber_000638.fits,2.9829063035662227,13,2
templates/PAQS_absorber_000639.fits,2.222806888664519,2,0
templates/PAQS_absorber_000640.fits,2.4388732977520977,6,1
templates/PAQS_absorber_000641.fits,2.837751257468363,3,0
templates/PAQS_absorber_000642.fits,2.2108317982837704,2,0
templates/PAQS_absorber_000643.fits,2.742850606872286,10,1
templates/PAQS_absorber_000644.fits,2.3877841115860052,2,0
templates/PAQS_absorber_000645.fits,2.471517339285853,2,0
templates/PAQS_absorber_000646.fits,2.5247975148558215,4,0
templates/PAQS_absorber_000647.fits,2.7898582051077074,2,0
templates/PAQS_absorber_000648.fits,2.364986267187323,3,1
templates/PAQS_absorber_000649.fits,2.2205287300019574,5,0
templates/PAQS_absorber_000650.fits,2.067585700710941,3,0
templates/PAQS_absorber_000651.fits,2.2382705885551584,1,0
templates/PAQS_absorber_000652.fits,2.6950226052160313,8,1
templates/PAQS_absorber_000653.fits,2.615566882966598,6,1
templates/PAQS_absorber_000654.fits,2.4819377645095466,5,0
templates/PAQS_absorber_000655.fits,2.827369050528718,5,0
templates/PAQS_absorber_000656.fits,2.8867225579847844,9,0
templates/PAQS_absorber_000657.fits,2.8754069059983385,5,0
templates/PAQS_absorber_000658.fits,2.2637747399534334,5,0
templates/PAQS_absorber_000659.fits,2.374591494060329,5,0
templates/PAQS_absorber_000660.fits,2.338209862069198,4,0
templates/PAQS_absorber_000661.fits,2.1293094629676266,3,0
templates/PAQS_absorber_000662.fits,2.806216312985845,6,1
templates/PAQS_absorber_000663.fits,2.360702628332067,4,0
templates/PAQS_absorber_000664.fits,2.854451806844661,5,0
templates/PAQS_absorber_000665.fits,2.5938834624546683,4,0
templates/PAQS_absorber_000666.fits,2.383643761927562,7,0
templates/PAQS_absorber_000667.fits,2.0377307126844437,1,0
templates/PAQS_absorber_000668.fits,2.7390281650789707,6,0
templates/PAQS_absorber_000669.fits,2.9904169900954405,7,1
templates/PAQS_absorber_000670.fits,2.5389016097274526,3,0
templates/PAQS_absorber_000671.fits,2.2378254996269935,3,0
templates/PAQS_absorber_000672.fits,2.9978953270310615,9,1
templates/PAQS_absorber_000673.fits,2.687491103229635,6,0
templates/PAQS_absorber_000674.fits,2.7894196015755517,2,0
templates/PAQS_absorber_000675.fits,2.3838777095288277,8,2
templates/PAQS_absorber_000676.fits,2.6951931809561698,6,0
templates/PAQS_absorber_000677.fits,2.5110846574496284,7,0
templates/PAQS_absorber_000678.fits,2.5889403934095068,2,0
templates/PAQS_absorber_000679.fits,2.991551912139865,8,1
templates/PAQS_absorber_000680.fits,2.176618756203074,2,0
templates/PAQS_absorber_000681.fits,2.515682047696035,2,0
templates/PAQS_absorber_000682.fits,2.672741191201724,6,0
templates/PAQS_absorber_000683.fits,2.935627898601266,9,2
templates/PAQS_absorber_000684.fits,2.8436125117381486,3,0
templates/PAQS_absorber_000685.fits,2.40918987693445,4,0
templates/PAQS_absorber_000686.fits,2.3422790537466924,8,0
templates/PAQS_absorber_000687.fits,2.7933019512619186,3,0
templates/PAQS_absorber_000688.fits,2.5117610903626963,5,0
templates/PAQS_absorber_000689.fits,2.1630737708276144,2,0
templates/PAQS_absorber_000690.fits,2.0499706283598833,3,0
templates/PAQS_absorber_000691.fits,2.5694332744434387,5,1
templates/PAQS_absorber_000692.fits,2.54940053963752,5,0
templates/PAQS_absorber_000693.fits,2.4094223441196787,3,0
templates/PAQS_absorber_000694.fits,2.9890040023742435,11,0
templates/PAQS_absorber_000695.fits,2.2208396182481662,2,0
templates/PAQS_absorber_000696.fits,2.2326437544129996,3,0
templates/PAQS_absorber_000697.fits,2.884848267087108,4,0
templates/PAQS_absorber_000698.fits,2.9394684081591755,4,0
templates/PAQS_absorber_000699.fits,2.195717254532264,5,0
templates/PAQS_absorber_000700.fits,2.382224548826315,7,1
templates/PAQS_absorber_000701.fits,2.158165360625838,8,0
templates/PAQS_absorber_000702.fits,2.6539572449855866,3,0
templates/PAQS_absorber_000703.fits,2.0281549038743734,3,0
templates/PAQS_absorber_000704.fits,2.0268638918771607,2,0
templates/PAQS_absorber_000705.fits,2.597062317143562,4,0
templates/PAQS_absorber_000706.fits,2.619391458559485,6,0
templates/PAQS_absorber_000707.fits,2.6963783231224996,8,0
templates/PAQS_absorber_000708.fits,2.3428916150056414,5,0
templates/PAQS_absorber_000709.fits,2.3540454497382015,8,0
templates/PAQS_absorber_000710.fits,2.201710804369081,0,0
templates/PAQS_absorber_000711.fits,2.0210081051386157,3,0
templates/PAQS_absorber_000712.fits,2.5500245237407566,4,0
templates/PAQS_absorber_000713.fits,2.1190809538327366,5,0
templates/PAQS_absorber_000714.fits,2.287020789882874,2,0
templates/PAQS_absorber_000715.fits,2.60394815371184,6,0
templates/PAQS_absorber_000716.fits,2.5865433424614515,2,0
templates/PAQS_absorber_000717.fits,2.9433979702847073,5,0
templates/PAQS_absorber_000718.fits,2.3458459457292196,11,0
templates/PAQS_absorber_000719.fits,2.3956500359719906,3,1
templates/PAQS_absorber_000720.fits,2.256478020840528,3,0
templates/PAQS_absorber_000721.fits,2.0332231300217263,1,0
templates/PAQS_absorber_000722.fits,2.198491373933512,4,0
templates/PAQS_absorber_000723.fits,2.3491576275394914,4,0
templates/PAQS_absorber_000724.fits,2.3130744675212824,2,0
templates/PAQS_absorber_000725.fits,2.1812991508790858,2,0
templates/PAQS_absorber_000726.fits,2.60680605793418,5,0
templates/PAQS_absorber_000727.fits,2.3809314546556415,5,0
templates/PAQS_absorber_000728.fits,2.4717703697930133,7,1
templates/PAQS_absorber_000729.fits,2.519635785541052,9,2
templates/PAQS_absorber_000730.fits,2.7755943815217767,6,1
templates/PAQS_absorber_000731.fits,2.384266492531923,6,0
templates/PAQS_absorber_000732.fits,2.7664189580085043,5,0
templates/PAQS_absorber_000733.fits,2.382745373029322,4,0
templates/PAQS_absorber_000734.fits,2.198389705109304,1,0
templates/PAQS_absorber_000735.fits,2.9058316888797133,7,1
templates/PAQS_absorber_000736.fits,2.005508463760613,1,0
templates/PAQS_absorber_000737.fits,2.4240747248229666,4,0
templates/PAQS_absorber_000738.fits,2.4630940679228424,3,1
templates/PAQS_absorber_000739.fits,2.0853885166458617,4,0
templates/PAQS_absorber_000740.fits,2.8417997806411632,3,0
templates/PAQS_absorber_000741.fits,2.506378840312159,2,0
templates/PAQS_absorber_000742.fits,2.258191455865857,2,0
templates/PAQS_absorber_000743.fits,2.668180367909512,5,0
templates/PAQS_absorber_000744.fits,2.335425034836798,3,0
templates/PAQS_absorber_000745.fits,2.8490751536924077,3,0
templates/PAQS_absorber_000746.fits,2.880971807666139,5,0
templates/PAQS_absorber_000747.fits,2.664392799379505,11,0
templates/PAQS_absorber_000748.fits,2.3777193609738743,3,0
templates/PAQS_absorber_000749.fits,2.4943716244219534,2,0
templates/PAQS_absorber_000750.fits,2.6681341500561615,3,0
templates/PAQS_absorber_000751.fits,2.2564322072358216,2,0
templates/PAQS_absorber_000752.fits,2.5515930680336307,5,0
templates/PAQS_absorber_000753.fits,2.086236758749978,3,1
templates/PAQS_absorber_000754.fits,2.265547079856538,4,0
templates/PAQS_absorber_000755.fits,2.540051392480728,7,0
templates/PAQS_absorber_000756.fits,2.461990238054538,6,1
templates/PAQS_absorber_000757.fits,2.3673217958941644,5,1
templates/PAQS_absorber_000758.fits,2.3900810294077925,2,0
templates/PAQS_absorber_000759.fits,2.049459738445281,2,0
templates/PAQS_absorber_000760.fits,2.0204187876258506,3,0
templates/PAQS_absorber_000761.fits,2.3320024491891016,5,0
templates/PAQS_absorber_000762.fits,2.084935940646675,3,0
templates/PAQS_absorber_000763.fits,2.6177392054986868,4,1
templates/PAQS_absorber_000764.fits,2.2688706093799373,2,0
templates/PAQS_absorber_000765.fits,2.6023663323468016,4,0
templates/PAQS_absorber_000766.fits,2.2514264497946486,2,0
templates/PAQS_absorber_000767.fits,2.8512175700725226,7,1
templates/PAQS_absorber_000768.fits,2.074629961977397,2,0
templates/PAQS_absorber_000769.fits,2.9994401589159816,7,2
templates/PAQS_absorber_000770.fits,2.0201854305135467,3,0
templates/PAQS_absorber_000771.fits,2.8977104612776823,5,1
templates/PAQS_absorber_000772.fits,2.786792269626672,8,0
templates/PAQS_absorber_000773.fits,2.777538913349387,3,2
templates/PAQS_absorber_000774.fits,2.534144137896514,3,1
templates/PAQS_absorber_000775.fits,2.485912222492183,6,0
templates/PAQS_absorber_000776.fits,2.8207694548908346,5,0
templates/PAQS_absorber_000777.fits,2.071318719278986,5,0
templates/PAQS_absorber_000778.fits,2.629483584535188,7,1
templates/PAQS_absorber_000779.fits,2.039995264995741,2,0
templates/PAQS_absorber_000780.fits,2.481036071041803,3,0
templates/PAQS_absorber_000781.fits,2.7424182551430825,7,0
templates/PAQS_absorber_000782.fits,2.8729959483248466,8,0
templates/PAQS_absorber_000783.fits,2.5949999317485832,6,0
templates/PAQS_absorber_000784.fits,2.261985394901593,1,1
templates/PAQS_absorber_000785.fits,2.6196302556892737,5,2
templates/PAQS_absorber_000786.fits,2.56668127332541,11,2
templates/PAQS_absorber_000787.fits,2.389316519798532,3,1
templates/PAQS_absorber_000788.fits,2.4606321030749605,5,0
templates/PAQS_absorber_000789.fits,2.9654311075058417,3,0
templates/PAQS_absorber_000790.fits,2.7005512167791723,6,0
templates/PAQS_absorber_000791.fits,2.8530965495551595,5,1
templates/PAQS_absorber_000792.fits,2.6518592981133184,9,0
templates/PAQS_absorber_000793.fits,2.6118132097380515,2,0
templates/PAQS_absorber_000794.fits,2.2033696699574503,2,0
templates/PAQS_absorber_000795.fits,2.001298166718438,1,0
templates/PAQS_absorber_000796.fits,2.6142570990849814,2,0
templates/PAQS_absorber_000797.fits,2.656554153370106,10,1
templates/PAQS_absorber_000798.fits,2.0440428419853074,1,0
templates/PAQS_absorber_000799.fits,2.6595664387107445,5,0
templates/PAQS_absorber_000800.fits,2.7436090904813337,9,1
templates/PAQS_absorber_000801.fits,2.584910886380011,8,1
templates/PAQS_absorber_000802.fits,2.2797181489049456,4,0
templates/PAQS_absorber_000803.fits,2.2893104496146375,2,0
templates/PAQS_absorber_000804.fits,2.0138284809810862,4,0
templates/PAQS_absorber_000805.fits,2.418115438662356,5,0
templates/PAQS_absorber_000806.fits,2.5493010028834684,3,0
templates/PAQS_absorber_000807.fits,2.6436223712719333,4,0
templates/PAQS_absorber_000808.fits,2.0233223628987953,3,0
templates/PAQS_absorber_000809.fits,2.1507401644306876,3,0
templates/PAQS_absorber_000810.fits,2.576548369041145,6,0
templates/PAQS_absorber_000811.fits,2.9431730126298663,7,3
templates/PAQS_absorber_000812.fits,2.9087717444437327,5,0
templates/PAQS_absorber_000813.fits,2.674658378166194,4,0
templates/PAQS_absorber_000814.fits,2.9535818485946534,5,0
templates/PAQS_absorber_000815.fits,2.3652318581585385,1,0
templates/PAQS_absorber_000816.fits,2.254778105397013,5,0
templates/PAQS_absorber_000817.fits,2.4855115072664136,4,0
templates/PAQS_absorber_000818.fits,2.592824893211045,5,1
templates/PAQS_absorber_000819.fits,2.108543959030459,5,0
templates/PAQS_absorber_000820.fits,2.147992839218597,7,0
templates/PAQS_absorber_000821.fits,2.357935802509673,8,0
templates/PAQS_absorber_000822.fits,2.3574121599011484,4,1
templates/PAQS_absorber_000823.fits,2.268208953348971,5,0
templates/PAQS_absorber_000824.fits,2.167858117884062,2,0
templates/PAQS_absorber_000825.fits,2.729378848302484,5,0
templates/PAQS_absorber_000826.fits,2.443839790026335,4,1
templates/PAQS_absorber_000827.fits,2.4335208738201506,5,0
templates/PAQS_absorber_000828.fits,2.6599369152526453,5,1
templates/PAQS_absorber_000829.fits,2.6377249290663105,7,1
templates/PAQS_absorber_000830.fits,2.8707027804934975,8,1
templates/PAQS_absorber_000831.fits,2.3223978995170143,3,0
templates/PAQS_absorber_000832.fits,2.4320917930378494,10,2
templates/PAQS_absorber_000833.fits,2.3989765306882465,1,0
templates/PAQS_absorber_000834.fits,2.0364230026837533,1,0
templates/PAQS_absorber_000835.fits,2.7938752546598824,7,1
templates/PAQS_absorber_000836.fits,2.561007808254259,8,0
templates/PAQS_absorber_000837.fits,2.354966978275035,7,2
templates/PAQS_absorber_000838.fits,2.472597648419539,4,0
templates/PAQS_absorber_000839.fits,2.311902449466626,3,0
templates/PAQS_absorber_000840.fits,2.4926821690321725,7,0
templates/PAQS_absorber_000841.fits,2.7873431836764837,12,1
templates/PAQS_absorber_000842.fits,2.1020935747091203,3,0
templates/PAQS_absorber_000843.fits,2.510305729973827,5,0
templates/PAQS_absorber_000844.fits,2.3119313489794155,4,0
templates/PAQS_absorber_000845.fits,2.5533878080748824,9,0
templates/PAQS_absorber_000846.fits,2.294159561156456,2,0
templates/PAQS_absorber_000847.fits,2.47899230760469,2,0
templates/PAQS_absorber_000848.fits,2.386971805563646,8,1
templates/PAQS_absorber_000849.fits,2.5777946520058803,9,0
templates/PAQS_absorber_000850.fits,2.7952063239528435,3,0
templates/PAQS_absorber_000851.fits,2.2023180748170406,2,0
templates/PAQS_absorber_000852.fits,2.7295153461478856,3,0
templates/PAQS_absorber_000853.fits,2.9385121602988598,6,0
templates/PAQS_absorber_000854.fits,2.98401568016675,10,2
templates/PAQS_absorber_000855.fits,2.19029458744265,2,0
templates/PAQS_absorber_000856.fits,2.468133628692293,6,0
templates/PAQS_absorber_000857.fits,2.369862273222691,5,0
templates/PAQS_absorber_000858.fits,2.8087167141516103,5,0
templates/PAQS_absorber_000859.fits,2.8726461484276093,5,0
templates/PAQS_absorber_000860.fits,2.1361310931533346,2,0
templates/PAQS_absorber_000861.fits,2.6388770084904465,4,1
templates/PAQS_absorber_000862.fits,2.031488365561821,5,0
templates/PAQS_absorber_000863.fits,2.8663881624893355,8,0
templates/PAQS_absorber_000864.fits,2.3758465430993665,4,0
templates/PAQS_absorber_000865.fits,2.346841180013728,5,0
templates/PAQS_absorber_000866.fits,2.56242508491094,9,0
templates/PAQS_absorber_000867.fits,2.6694170372818187,3,0
templates/PAQS_absorber_000868.fits,2.8982174066516757,10,3
templates/PAQS_absorber_000869.fits,2.6677539211016423,3,1
templates/PAQS_absorber_000870.fits,2.4828249180244333,3,0
templates/PAQS_absorber_000871.fits,2.664704488239249,4,0
templates/PAQS_absorber_000872.fits,2.050836399550312,5,0
templates/PAQS_absorber_000873.fits,2.0282547771812025,1,0
templates/PAQS_absorber_000874.fits,2.0609641611392715,3,0
templates/PAQS_absorber_000875.fits,2.6162820672422997,4,0
templates/PAQS_absorber_000876.fits,2.044350064171599,0,0
templates/PAQS_absorber_000877.fits,2.774910582956447,5,1
templates/PAQS_absorber_000878.fits,2.525905467117692,3,0
templates/PAQS_absorber_000879.fits,2.213481266569622,4,0
templates/PAQS_absorber_000880.fits,2.4430769717568905,7,2
templates/PAQS_absorber_000881.fits,2.192493746327014,1,0
templates/PAQS_absorber_000882.fits,2.707611396366791,8,0
templates/PAQS_absorber_000883.fits,2.0292755061216114,4,0
templates/PAQS_absorber_000884.fits,2.4134028419684457,5,0
templates/PAQS_absorber_000885.fits,2.746526118681422,5,0
templates/PAQS_absorber_000886.fits,2.4524951072321066,4,1
templates/PAQS_absorber_000887.fits,2.3629319932478827,6,0
templates/PAQS_absorber_000888.fits,2.567697796506343,5,0
templates/PAQS_absorber_000889.fits,2.9069838390272413,8,1
templates/PAQS_absorber_000890.fits,2.7184074498393205,8,1
templates/PAQS_absorber_000891.fits,2.2048658711689653,3,0
templates/PAQS_absorber_000892.fits,2.0724404602746773,3,0
templates/PAQS_absorber_000893.fits,2.637334350836914,7,1
templates/PAQS_absorber_000894.fits,2.3690621711411026,4,0
templates/PAQS_absorber_000895.fits,2.02577141609227,4,0
templates/PAQS_absorber_000896.fits,2.9455798029665097,4,0
templates/PAQS_absorber_000897.fits,2.413633281814476,4,0
templates/PAQS_absorber_000898.fits,2.9600955436832206,8,1
templates/PAQS_absorber_000899.fits,2.5387942077351506,2,0
templates/PAQS_absorber_000900.fits,2.242719375492406,6,0
templates/PAQS_absorber_000901.fits,2.1047595488755437,4,0
templates/PAQS_absorber_000902.fits,2.3839293585011196,5,0
templates/PAQS_absorber_000903.fits,2.2367571623562967,2,0
templates/PAQS_absorber_000904.fits,2.5969823839857007,2,1
templates/PAQS_absorber_000905.fits,2.0276608303037786,3,0
templates/PAQS_absorber_000906.fits,2.79622944611146,4,0
templates/PAQS_absorber_000907.fits,2.314521310854442,8,1
templates/PAQS_absorber_000908.fits,2.9682413961095486,5,0
templates/PAQS_absorber_000909.fits,2.365243174266944,5,0
templates/PAQS_absorber_000910.fits,2.235668969734431,11,1
templates/PAQS_absorber_000911.fits,2.798382605328375,5,0
templates/PAQS_absorber_000912.fits,2.6152919098939473,4,0
templates/PAQS_absorber_000913.fits,2.551598846275017,3,0
templates/PAQS_absorber_000914.fits,2.1821017548827095,5,0
templates/PAQS_absorber_000915.fits,2.8950070385966544,4,0
templates/PAQS_absorber_000916.fits,2.787912727954886,7,1
templates/PAQS_absorber_000917.fits,2.616586348994695,9,2
templates/PAQS_absorber_000918.fits,2.1922564734209717,3,0
templates/PAQS_absorber_000919.fits,2.1141347890106603,3,0
templates/PAQS_absorber_000920.fits,2.2508864029878946,5,0
templates/PAQS_absorber_000921.fits,2.697471160232376,5,0
templates/PAQS_absorber_000922.fits,2.031692578800106,3,0
templates/PAQS_absorber_000923.fits,2.5395015814031603,4,1
templates/PAQS_absorber_000924.fits,2.67962460187985,7,0
templates/PAQS_absorber_000925.fits,2.2597011789113477,3,0
templates/PAQS_absorber_000926.fits,2.4159899224855246,1,0
templates/PAQS_absorber_000927.fits,2.6994457773074387,6,0
templates/PAQS_absorber_000928.fits,2.770542556230177,7,0
templates/PAQS_absorber_000929.fits,2.2501299895865365,4,0
templates/PAQS_absorber_000930.fits,2.703969094188444,4,0
templates/PAQS_absorber_000931.fits,2.89357276345934,7,1
templates/PAQS_absorber_000932.fits,2.2660789667184194,2,0
templates/PAQS_absorber_000933.fits,2.6453195653915085,6,2
templates/PAQS_absorber_000934.fits,2.5490307302071886,1,1
templates/PAQS_absorber_000935.fits,2.709499600359127,1,0
templates/PAQS_absorber_000936.fits,2.4384220108288637,4,0
templates/PAQS_absorber_000937.fits,2.6091064167069358,5,0
templates/PAQS_absorber_000938.fits,2.104392840736469,2,0
templates/PAQS_absorber_000939.fits,2.4361141062613907,1,0
templates/PAQS_absorber_000940.fits,2.643786645756027,6,0
templates/PAQS_absorber_000941.fits,2.8244389977401663,7,2
templates/PAQS_absorber_000942.fits,2.378063635777533,2,0
templates/PAQS_absorber_000943.fits,2.1139692801831353,4,0
templates/PAQS_absorber_000944.fits,2.5508392411748906,10,0
templates/PAQS_absorber_000945.fits,2.235344814146302,5,0
templates/PAQS_absorber_000946.fits,2.28780056109626,4,0
templates/PAQS_absorber_000947.fits,2.3557640597007574,2,0
templates/PAQS_absorber_000948.fits,2.307592728047514,3,0
templates/PAQS_absorber_000949.fits,2.1058942879425637,3,0
templates/PAQS_absorber_000950.fits,2.468041016048618,3,0
templates/PAQS_absorber_000951.fits,2.7890081734396768,8,0
templates/PAQS_absorber_000952.fits,2.8005664173793496,5,0
templates/PAQS_absorber_000953.fits,2.741715150352742,6,1
templates/PAQS_absorber_000954.fits,2.996034650690586,8,1
templates/PAQS_absorber_000955.fits,2.0364858988679666,0,0
templates/PAQS_absorber_000956.fits,2.4230755692080725,3,1
templates/PAQS_absorber_000957.fits,2.7788101601265547,6,0
templates/PAQS_absorber_000958.fits,2.865791473972943,7,1
templates/PAQS_absorber_000959.fits,2.860277887261744,6,1
templates/PAQS_absorber_000960.fits,2.9111868420021985,8,1
templates/PAQS_absorber_000961.fits,2.912609676701033,14,0
templates/PAQS_absorber_000962.fits,2.940171046599608,2,1
templates/PAQS_absorber_000963.fits,2.366553525954359,4,0
templates/PAQS_absorber_000964.fits,2.356885320420552,6,0
templates/PAQS_absorber_000965.fits,2.2143705014071777,2,0
templates/PAQS_absorber_000966.fits,2.3855102664327696,5,0
templates/PAQS_absorber_000967.fits,2.7424505776557635,5,1
templates/PAQS_absorber_000968.fits,2.1916082066883944,3,0
templates/PAQS_absorber_000969.fits,2.080045096363224,1,0
templates/PAQS_absorber_000970.fits,2.920891468492339,10,1
templates/PAQS_absorber_000971.fits,2.099546680566569,1,0
templates/PAQS_absorber_000972.fits,2.354189990243018,4,0
templates/PAQS_absorber_000973.fits,2.0551350974091602,1,0
templates/PAQS_absorber_000974.fits,2.462268795725892,5,1
templates/PAQS_absorber_000975.fits,2.92354905069418,6,2
templates/PAQS_absorber_000976.fits,2.844281781733496,9,0
templates/PAQS_absorber_000977.fits,2.7043646158443444,9,0
templates/PAQS_absorber_000978.fits,2.4697770574754125,6,0
templates/PAQS_absorber_000979.fits,2.703528929735541,6,0
templates/PAQS_absorber_000980.fits,2.94410296763375,3,1
templates/PAQS_absorber_000981.fits,2.164846720004249,1,0
templates/PAQS_absorber_000982.fits,2.873278987125572,7,0
templates/PAQS_absorber_000983.fits,2.745921710194644,7,0
templates/PAQS_absorber_000984.fits,2.5937910559548536,3,0
templates/PAQS_absorber_000985.fits,2.2088467948116692,4,0
templates/PAQS_absorber_000986.fits,2.41363957934937,6,0
templates/PAQS_absorber_000987.fits,2.9810235895624246,4,1
templates/PAQS_absorber_000988.fits,2.385814581180635,1,0
templates/PAQS_absorber_000989.fits,2.6956272741059975,5,0
templates/PAQS_absorber_000990.fits,2.1552799676910706,1,0
templates/PAQS_absorber_000991.fits,2.1032199075669036,3,1
templates/PAQS_absorber_000992.fits,2.3819899834448375,2,0
templates/PAQS_absorber_000993.fits,2.5420448023104805,3,1
templates/PAQS_absorber_000994.fits,2.431516683078005,3,0
templates/PAQS_absorber_000995.fits,2.3751814473217423,6,1
templates/PAQS_absorber_000996.fits,2.8063509096027737,7,1
templates/PAQS_absorber_000997.fits,2.3067333906852916,5,0
templates/PAQS_absorber_000998.fits,2.0946808446177156,4,0
templates/PAQS_absorber_000999.fits,2.9968050790716836,11,0
templates/PAQS_absorber_001000.fits,2.1443594076773556,4,0
